sep=;
Level;Solved;File;Execs;Execs/sec;Score;Distance;Length;GenTime;GenExecs;;Level;Solved;File;Execs;Execs/sec;Score;Distance;Length;GenTime;GenExecs;;Level;Solved;File;Execs;Execs/sec;Score;Distance;Length;GenTime;GenExecs
LV0_1;No;./level0_1/ijon_max/10.stats; 585988; 9.01;1287;;615;42521; 580061;;LV0_2;No;./level0_2/ijon_max/8.stats; 543352; 10.96;2080;;936;42736; 539934;;LV0_3;No;./level0_3/ijon_max/10.stats; 498838; 11.89;2083;;938;43159; 498315;;
LV2_1;No;./level2_1/ijon_max/8.stats; 507087; 29.84;1636;;794;35667; 417168;;LV2_2;No;./level2_2/ijon_max/8.stats; 498476; 9.42;1636;;885;35548; 408142;;LV2_3;No;./level2_3/ijon_max/6.stats; 539563; 12.10;1636;;775;34376; 466457;;
LV3_1;No;./level3_1/ijon_max/0.stats; 706677; 8.48;1757;;801;26956; 538223;;LV3_2;No;./level3_2/ijon_max/8.stats; 703823; 13.98;1612;;762;37874; 654024;;LV3_3;No;./level3_3/ijon_max/0.stats; 673596; 18.09;1756;;805;37830; 614193;;
LV4_1;No;./level4_1/ijon_max/7.stats; 775139; 27.49;2094;;929;33888; 609383;;LV4_2;No;./level4_2/ijon_max/5.stats; 628939; 8.55;2259;;1101;23177; 417916;;LV4_3;No;./level4_3/ijon_max/2.stats; 635726; 20.23;2257;;1041;42052; 623331;;
LV5_1;No;./level5_1/ijon_max/10.stats; 677256; 21.69;1168;;658;27533; 447971;;LV5_2;No;./level5_2/ijon_max/10.stats; 563002; 8.62;1168;;608;30184; 445423;;LV5_3;No;./level5_3/ijon_max/9.stats; 575246; 22.67;1161;;643;38429; 518020;;
LV7_1;No;./level7_1/ijon_max/1.stats; 430188; 4.31;1649;;1248;43178; 430096;;LV7_2;No;./level7_2/ijon_max/9.stats; 359646; 8.53;1341;;1064;42996; 358535;;LV7_3;No;./level7_3/ijon_max/3.stats; 317954; 4.64;1423;;2339;43111; 317571;;
LV8_1;No;./level8_1/ijon_max/5.stats; 499180; 8.68;1543;;748;33031; 405407;;LV8_2;No;./level8_2/ijon_max/10.stats; 586536; 15.18;1894;;923;43198; 586517;;LV8_3;No;./level8_3/ijon_max/7.stats; 556317; 14.96;2038;;911;35084; 471600;;
LV9_1;No;./level9_1/ijon_max/10.stats; 599200; 7.48;1265;;602;21383; 351381;;LV9_2;No;./level9_2/ijon_max/8.stats; 685966; 18.58;1744;;852;43010; 683779;;LV9_3;No;./level9_3/ijon_max/7.stats; 693348; 12.34;2192;;957;40841; 673963;;
LV10_1;No;./level10_1/ijon_max/10.stats; 635015; 24.06;1058;;477;40673; 593089;;LV10_2;No;./level10_2/ijon_max/5.stats; 596250; 8.74;1287;;667;43187; 596133;;LV10_3;No;./level10_3/ijon_max/6.stats; 589666; 22.11;1322;;641;36937; 507525;;
LV11_1;No;./level11_1/ijon_max/10.stats; 529989; 7.34;2804;;1216;42617; 526367;;LV11_2;No;./level11_2/ijon_max/10.stats; 488504; 10.43;1951;;870;38927; 443863;;LV11_3;No;./level11_3/ijon_max/12.stats; 570849; 21.40;2060;;920;39051; 503387;;
LV12_1;No;./level12_1/ijon_max/10.stats; 723647; 8.48;1674;;817;39250; 687313;;LV12_2;No;./level12_2/ijon_max/10.stats; 701220; 16.58;2155;;947;43178; 700842;;LV12_3;No;./level12_3/ijon_max/14.stats; 671048; 31.09;1928;;861;30420; 517840;;
LV13_1;No;./level13_1/ijon_max/6.stats; 577384; 9.78;1665;;817;38622; 527707;;LV13_2;No;./level13_2/ijon_max/2.stats; 564464; 13.67;2238;;1038;43181; 564209;;LV13_3;No;./level13_3/ijon_max/0.stats; 510045; 17.86;1454;;694;34507; 442582;;
LV14_1;No;./level14_1/ijon_max/10.stats; 444946; 12.89;1955;;971;38722; 389150;;LV14_2;No;./level14_2/ijon_max/10.stats; 446141; 9.57;1982;;879;43107; 445581;;LV14_3;No;./level14_3/ijon_max/10.stats; 470986; 22.12;1835;;862;37588; 389084;;
LV16_1;No;./level16_1/ijon_max/10.stats; 580871; 9.86;1137;;640;41425; 563454;;LV16_2;No;./level16_2/ijon_max/7.stats; 682237; 15.97;2100;;1097;43190; 682100;;LV16_3;No;./level16_3/ijon_max/7.stats; 746086; 23.05;1165;;618;33404; 641464;;
LV17_1;No;./level17_1/ijon_max/6.stats; 658090; 12.35;1384;;688;41942; 644675;;LV17_2;No;./level17_2/ijon_max/0.stats; 707945; 18.29;1589;;751;35637; 621879;;LV17_3;No;./level17_3/ijon_max/0.stats; 768208; 24.23;1339;;610;37203; 699087;;
LV18_1;No;./level18_1/ijon_max/2.stats; 621792; 11.96;1789;;815;39371; 595552;;LV18_2;No;./level18_2/ijon_max/2.stats; 658261; 9.74;2017;;948;38802; 630794;;LV18_3;No;./level18_3/ijon_max/1.stats; 573257; 12.00;2300;;1018;29289; 458346;;
LV19_1;No;./level19_1/ijon_max/6.stats; 562133; 7.93;1412;;722;34797; 463284;;LV19_2;No;./level19_2/ijon_max/4.stats; 580198; 18.16;1437;;694;37069; 503562;;LV19_3;No;./level19_3/ijon_max/5.stats; 564409; 17.25;1458;;733;42426; 556552;;
LV20_1;No;./level20_1/ijon_max/7.stats; 587335; 14.67;1577;;756;40434; 547386;;LV20_2;No;./level20_2/ijon_max/5.stats; 686178; 14.67;1187;;563;42818; 682716;;LV20_3;No;./level20_3/ijon_max/7.stats; 546796; 28.64;1742;;784;36462; 447054;;
LV21_1;No;./level21_1/ijon_max/0.stats; 699602; 12.61;1530;;752;43074; 698048;;LV21_2;No;./level21_2/ijon_max/0.stats; 718595; 16.00;1741;;808;40124; 685717;;LV21_3;Yes;level21_3/crashes/id:000000,sig:06,src:000304,op:ijon-max,rep:4; 618894; 20.71;2416;;1116;30961; 473855;;
LV22_1;No;./level22_1/ijon_max/10.stats; 715221; 7.95;1712;;807;40253; 686076;;LV22_2;No;./level22_2/ijon_max/0.stats; 613845; 11.47;1488;;717;21789; 363746;;LV22_3;No;./level22_3/ijon_max/15.stats; 645956; 16.03;1481;;666;28188; 461617;;
LV23_1;No;./level23_1/ijon_max/10.stats; 560220; 11.83;1842;;852;42501; 551373;;LV23_2;No;./level23_2/ijon_max/6.stats; 611100; 14.60;2058;;905;37761; 561148;;LV23_3;No;./level23_3/ijon_max/7.stats; 735994; 22.07;1626;;714;36055; 638347;;
LV24_1;No;./level24_1/ijon_max/6.stats; 576222; 9.51;739;;471;36488; 511514;;LV24_2;No;./level24_2/ijon_max/5.stats; 594872; 13.22;1373;;663;38753; 538418;;LV24_3;No;./level24_3/ijon_max/10.stats; 542424; 8.25;1916;;1095;43192; 542362;;
LV25_1;No;./level25_1/ijon_max/3.stats; 662579; 24.20;1941;;954;39181; 596054;;LV25_2;No;./level25_2/ijon_max/0.stats; 631378; 8.64;1787;;861;38102; 559751;;LV25_3;No;./level25_3/ijon_max/0.stats; 637130; 14.31;1793;;825;30873; 493755;;
LV26_1;No;./level26_1/ijon_max/5.stats; 699113; 6.70;1530;;730;30307; 594849;;LV26_2;No;./level26_2/ijon_max/6.stats; 764053; 17.12;1348;;620;37469; 695678;;LV26_3;No;./level26_3/ijon_max/5.stats; 766530; 25.92;2259;;1024;31820; 584558;;
LV27_1;No;./level27_1/ijon_max/8.stats; 635173; 8.51;1947;;876;43003; 633452;;LV27_2;No;./level27_2/ijon_max/10.stats; 611162; 16.87;1822;;817;42226; 601581;;LV27_3;No;./level27_3/ijon_max/0.stats; 609361; 20.14;1215;;603;18044; 256362;;
LV29_1;No;./level29_1/ijon_max/0.stats; 339435; 3.11;1438;;1745;42135; 336030;;LV29_2;No;./level29_2/ijon_max/0.stats; 328802; 4.48;1504;;1998;42505; 326653;;LV29_3;No;./level29_3/ijon_max/0.stats; 442748; 7.32;1456;;1460;42412; 439572;;
LV30_1;No;./level30_1/ijon_max/0.stats; 616643; 15.00;1998;;913;40245; 577672;;LV30_2;No;./level30_2/ijon_max/3.stats; 515627; 11.90;2818;;1219;43188; 515480;;LV30_3;No;./level30_3/ijon_max/0.stats; 666297; 16.51;1999;;894;34063; 565149;;
LV31_1;No;./level31_1/ijon_max/10.stats; 567484; 6.66;2079;;1002;38461; 528245;;LV31_2;No;./level31_2/ijon_max/10.stats; 600004; 8.75;2193;;991;43143; 599505;;LV31_3;No;./level31_3/ijon_max/7.stats; 559338; 16.07;3217;;1454;43014; 557572;;
LV32_1;No;./level32_1/ijon_max/5.stats; 579186; 14.34;2230;;1153;38337; 528928;;LV32_2;No;./level32_2/ijon_max/7.stats; 512564; 16.10;1396;;653;33678; 423121;;LV32_3;No;./level32_3/ijon_max/7.stats; 575940; 18.34;1486;;672;43075; 574611;;
LV33_1;No;./level33_1/ijon_max/6.stats; 616295; 15.39;1732;;836;39250; 566658;;LV33_2;No;./level33_2/ijon_max/9.stats; 645620; 24.27;1677;;835;37441; 580185;;LV33_3;No;./level33_3/ijon_max/7.stats; 584964; 22.97;1719;;795;43016; 582800;;
LV34_1;No;./level34_1/ijon_max/6.stats; 729816; 11.54;1154;;584;36364; 646988;;LV34_2;No;./level34_2/ijon_max/8.stats; 660512; 18.30;1506;;747;42221; 650951;;LV34_3;No;./level34_3/ijon_max/10.stats; 716272; 18.25;1505;;661;28072; 483909;;
LV35_1;No;./level35_1/ijon_max/3.stats; 676230; 8.70;1439;;678;20882; 397732;;LV35_2;No;./level35_2/ijon_max/10.stats; 633615; 15.50;1905;;850;32795; 513665;;LV35_3;No;./level35_3/ijon_max/10.stats; 615750; 13.49;1606;;735;29747; 511532;;
