ID;Generation Number;Generation Size;DD Size;Number of DD;Runtime;Tests per Minute;Average Test Execution Time;Average DD Runtime;Total primary score increase;Total secondary increase
0;64;0;0;0;                          0ns;-nan;                          0ns;                          0ns;0.000000;0.000000
1;66;9925;38622;10;     9m     980ms 648μs 894ns;5394.111111;             86ms 590μs  70ns;     2m 54s  33ms 120μs 381ns;0.000000;0.000000
35;60a532;9929;23653;10;    10m 27s 201ms 155μs 513ns;3213.588517;            131ms 948μs 611ns;     2m 47s  31ms 957μs 590ns;528.000000;0.000000
15;318a47;9990;20363;10;     8m 45s  77ms 142μs 271ns;3468.914286;            123ms 570μs 184ns;     1m 31s 805ms 780μs 721ns;528.000000;0.000000
36;632701;9984;16464;10;    11m 40s       421μs 179ns;2266.971429;            159ms 766μs 770ns;     1m 53s 778ms 258μs 979ns;528.000000;0.000000
2;39248;9927;23397;10;     8m 33s 163ms 108μs 403ns;3897.543860;            114ms 352μs  57ns;     1m 41s 839ms 664μs 200ns;674.000000;0.000000
16;33c26a;9922;29887;10;    11m  2s 800ms 349μs  64ns;3608.066465;            119ms 485μs 264ns;     2m  8s 640ms 721μs 486ns;528.000000;0.000000
14;2fa102;9918;18184;10;     8m 30s 619ms 798μs 715ns;3306.117647;            129ms 778μs 528ns;     1m 18s  71ms 739μs 906ns;528.000000;0.000000
34;5dc71b;9956;27310;10;    10m 26s  44ms 562μs 691ns;3571.821086;            117ms  40μs 559ns;     1m 59s  27ms 765μs 430ns;529.000000;0.000000
13;2da548;9987;18319;10;     9m 16s 119ms 107μs 542ns;3054.604317;            134ms 786μs 943ns;     2m  9s 618ms 630μs 278ns;1166.000000;0.000000
12;2b6532;9863;21785;10;     9m 27s 465ms 118μs 335ns;3348.994709;            124ms 496μs 788ns;     2m 15s 947ms 445μs 466ns;1166.000000;0.000000
33;5afd85;9911;26368;10;    13m 36s 258ms 486μs 814ns;2667.573529;            149ms 106μs 173ns;     2m 41s 608ms 851μs 309ns;530.000000;0.000000
11;28de93;9935;20399;10;    13m 58s  12ms 573μs 962ns;2171.885442;            196ms 564μs 305ns;     2m 48s 403ms 687μs 149ns;1166.000000;0.000000
32;58b91a;9937;21057;10;    10m 10s  24ms 579μs 585ns;3048.590164;            131ms 616μs 582ns;     1m 46s 538ms 475μs 689ns;530.000000;0.000000
31;56af15;9951;18991;10;     8m 41s 204ms  88μs 339ns;3333.051823;            128ms 214μs 984ns;     1m 24s 544ms 258μs 221ns;529.000000;0.000000
30;53b827;9941;29765;10;     9m 55s 498ms 536μs 264ns;4003.966387;            105ms 519μs 902ns;     2m 26s 998ms 551μs 216ns;529.000000;0.000000
29;52220c;9974;11766;10;     7m 33s 241ms 630μs 788ns;2879.470199;            145ms 562μs 411ns;     1m  9s 967ms 614μs 840ns;529.000000;0.000000
28;502358;9958;18164;10;     8m 19s 456ms 806μs 958ns;3381.402806;            124ms 683μs 909ns;     1m 28s 221ms 386μs  24ns;529.000000;0.000000
10;1e9074;9978;20809;10;    80m 27s 388ms 226μs 262ns;382.684897;         1s 303ms 631μs 414ns;     2m 23s 327ms 294μs 183ns;1166.000000;0.000000
27;4db8d9;9965;21342;10;     8m 27s 242ms 359μs 699ns;3704.970414;            115ms 912μs 103ns;     1m 56s 132ms 544μs 561ns;529.000000;0.000000
26;4c1213;9955;14217;10;     8m  5s 413ms 629μs 253ns;2990.350515;            143ms 410μs 317ns;     1m  3s 638ms 391μs 860ns;529.000000;0.000000
25;48a560;9916;36952;10;    11m 27s 405ms 959μs 193ns;4093.275109;            104ms 277μs 318ns;     3m  6s  78ms  23μs 678ns;529.000000;0.000000
24;46a740;9956;17682;10;     8m 41s 819ms  50μs 833ns;3182.879079;            136ms 730μs  48ns;     1m 24s 532ms  66μs  99ns;529.000000;0.000000
23;4492f7;9961;17557;10;     9m  7s 816ms 777μs 155ns;3018.427788;            137ms 823μs 147ns;     1m 32s 794ms 965μs 529ns;529.000000;0.000000
9;148db5;9948;18331;10;    83m 47s 167ms 756μs 695ns;337.525363;         1s 443ms  18μs 428ns;     1m 42s 140ms 898μs 117ns;1166.000000;0.000000
22;42cf41;9942;13590;10;     7m 50s 203ms 779μs 729ns;3004.085106;            148ms 637μs 381ns;        50s 869ms 649μs 154ns;529.000000;0.000000
8;11e964;9932;10050;10;    33m  1s 335ms       494ns;605.209490;            713ms 159μs 898ns;     4m 30s 415ms  92μs 206ns;1166.000000;0.000000
21;40183c;9895;28045;10;     9m 34s 860ms   4μs 595ns;3965.853659;            107ms 204μs 403ns;     1m 48s 562ms 963μs 797ns;529.000000;0.000000
7;f211d;9999;23054;10;    19m 54s 132ms 334μs 448ns;1660.954774;            226ms  65μs  84ns;     8m  7s  16ms 870μs 933ns;1166.000000;0.000000
20;3e471e;9915;17257;10;     7m 30s 858ms 808μs 329ns;3622.933333;            113ms 320μs 298ns;     1m 17s 418ms 314μs 462ns;529.000000;0.000000
6;c0102;9931;33326;10;    15m     956ms 482μs 504ns;2883.800000;            131ms 426μs 782ns;     5m 46s 585ms 381μs 843ns;716.000000;0.000000
19;3bb240;9972;26220;10;    11m 26s 818ms 419μs 874ns;3165.481050;            137ms 550μs 300ns;     1m 53s  22ms 451μs 581ns;529.000000;0.000000
5;a1a10;9880;19641;10;     8m 33s 362ms 629μs 669ns;3452.748538;            122ms 157μs 602ns;     1m 36s 801ms 704μs 255ns;528.000000;0.000000
18;38b84a;9935;31765;10;    11m 54s 312ms 877μs 783ns;3504.201681;            118ms 669μs 642ns;     2m 30s 170ms 589μs 712ns;528.000000;0.000000
4;7c6c7;9906;22075;10;     9m 14s 516ms 767μs 550ns;3463.646209;            113ms  40μs 549ns;     1m 57s 359ms 566μs 930ns;528.000000;0.000000
17;36ca58;9978;17299;10;     8m 36s 659ms 622μs 369ns;3171.744186;            126ms 336μs 714ns;     1m 22s 269ms 428μs 247ns;528.000000;0.000000
3;5eba5;9920;18436;10;     8m 14s 298ms 108μs 515ns;3444.048583;            118ms 425μs 510ns;     1m 35s 127ms 440μs 410ns;530.000000;0.000000
